date,id
2024-08-15 22:09:50.462722-05:00,qjaulWgrmhrt3uJ4DLqOY
2024-08-16 12:15:02.975720-05:00,8wHEa-p_dBMIlg3Bn-kV7
2024-08-19 14:12:16.456083-05:00,8wHEa-p_dBMIlg3Bn-kV7
2024-08-19 17:13:58.655916-05:00,8wHEa-p_dBMIlg3Bn-kV7
2024-08-20 08:19:51.592967-05:00,xSHDLzv73kHrO46R3Iq6W
2024-08-20 11:14:59.829726-05:00,xSHDLzv73kHrO46R3Iq6W
2024-08-20 14:11:05.603257-05:00,xSHDLzv73kHrO46R3Iq6W
2024-08-20 17:11:59.841696-05:00,xSHDLzv73kHrO46R3Iq6W
2024-08-21 08:17:33.838397-05:00,8EC_0mCqYglcgMbg7BmRV
2024-08-21 10:17:33.838397-05:00,P
2024-08-21 11:05:46.971009-05:00,P2r8cozfx9aSMzvbVHA3M
2024-08-22 08:26:32.187152-05:00,W2PojpKX6WGPPHKcllZXX
2024-08-22 11:48:15.787616-05:00,W2PojpKX6WGPPHKcllZXX
2024-08-22 12:23:07.164608-05:00,O7-lpH0kNL7lEj5dP-dlJ
2024-08-24 12:41:39.000460-05:00,O7-lpH0kNL7lEj5dP-dlJ
2024-08-27 08:26:44.440237-05:00,IzrghoQo6JokFFJ_5x103
2024-08-27 13:30:59.814902-05:00,SrtzdkVwuZoAN5WEKfNU4
2024-08-28 08:27:25.529531-05:00,WCDcVwlm8oQKfYyTGLJyv
2024-09-02 08:28:45.305978-05:00,vjMhte8-jQXAcVKtDs40t
2024-09-04 08:29:36.518673-05:00,RDdxSRuGih8S6ObzW2lqF
2024-09-05 08:29:08.455952-05:00,Lksm-9cDrSdfwag_WxW5W
2024-09-06 08:28:27.097046-05:00,LwXpPxeNA2FcGavkBAF5D
2024-09-10 08:29:23.482428-05:00,JS3MvhQ2tspR2Q3kK2AvJ
2024-09-13 08:29:13.401710-05:00,5I6pQhuKTXF2pzyRO97yS
2024-09-16 16:58:45.209358-05:00,5I6pQhuKTXF2pzyRO97yS
2024-09-17 08:30:20.792144-05:00,63M1iMYPO7_GzK79UMhYi
2024-09-22 09:22:48.829047-05:00,63M1iMYPO7_GzK79UMhYi
2024-09-22 09:41:58.506865-05:00,63M1iMYPO7_GzK79UMhYi
2024-09-22 10:42:25.686999-05:00,63M1iMYPO7_GzK79UMhYi
2024-09-22 11:29:13.142371-05:00,63M1iMYPO7_GzK79UMhYi
2024-09-22 18:27:30.351186-05:00,63M1iMYPO7_GzK79UMhYi
2024-09-23 08:32:35.896873-05:00,Q-fXL25eNUPFdcTA4ogZc
2024-09-24 08:32:45.843561-05:00,MdVpJuQpL1BRw9VutbOVJ
2024-09-29 08:27:18.823661-05:00,Uq33S7TS6WXK0qR-4oKYd
2024-09-30 08:46:52.828435-05:00,uzOs3xEf3VN4VGD5sOdYS
2024-10-01 10:27:09.747838-05:00,Nd82etdeh68hs9wGQzKUU
2024-10-01 10:44:36.507962-05:00,g4AbDuAzGLvT05-UA1Twt
2024-10-01 11:32:49.794556-05:00,wJIs89hLGr4fqt7gTxZ29
2024-10-01 13:33:56.854273-05:00,ib2CNZFcPrwR71H2i3SmW
2024-10-08 08:30:56.663719-05:00,4kHJJF0hmU1tFHlKwGS-w
2024-10-09 12:25:50.289563-05:00,ZZEdJMkcvJRPEYUmapmdz
2024-10-16 08:32:03.178653-05:00,9sqyoE030nd5d0w1Fs5Hw
2024-10-17 08:32:17.210217-05:00,aEro4xKVseVDaHZPQSQwA
2024-10-18 10:44:15.886040-05:00,2Xk4StQMnIco7QUWyQDjn
